platform,best_impl,best_time
Epyc / Clang,SIMD AVX2,1.2707836666666668
Epyc / GCC,PEXT,1.4707573333333332
Ryzen / Clang,SIMD AVX2,1.713487888888889
Ryzen / GCC,SIMD SSE2,1.8445958888888887
Xeon / Clang,PEXT,1.276539
Xeon / GCC,PEXT,1.511328777777778
M1 / Clang,SIMD Neon,1.3884614444444443
